Date,y_true,y_pred,y_pred_prob,model,split,horizon
2016-06-17,1.0,0,0.43077440855413884,logistic_regression,validation,20days
2016-06-20,1.0,0,0.4572332869876631,logistic_regression,validation,20days
2016-06-21,1.0,0,0.4911493758482,logistic_regression,validation,20days
2016-06-22,1.0,0,0.5081168219025628,logistic_regression,validation,20days
2016-06-23,1.0,0,0.6107546692671004,logistic_regression,validation,20days
2016-06-24,1.0,0,0.5729618537635344,logistic_regression,validation,20days
2016-06-27,1.0,0,0.6002277842075578,logistic_regression,validation,20days
2016-06-28,1.0,0,0.6521305039625584,logistic_regression,validation,20days
2016-06-29,1.0,0,0.6361146150981722,logistic_regression,validation,20days
2016-06-30,1.0,0,0.7002347434349963,logistic_regression,validation,20days
2016-07-01,1.0,0,0.5873473392175188,logistic_regression,validation,20days
2016-07-05,1.0,0,0.5899128302921222,logistic_regression,validation,20days
2016-07-06,1.0,0,0.6695588007006121,logistic_regression,validation,20days
2016-07-07,1.0,0,0.7547967454425262,logistic_regression,validation,20days
2016-07-08,1.0,0,0.7658073198177935,logistic_regression,validation,20days
2016-07-11,1.0,0,0.8185103044678719,logistic_regression,validation,20days
2016-07-12,1.0,0,0.7107225041268417,logistic_regression,validation,20days
2016-07-13,1.0,0,0.6407459005011508,logistic_regression,validation,20days
2016-07-14,1.0,0,0.6344679343458699,logistic_regression,validation,20days
2016-07-15,1.0,0,0.7074566053050225,logistic_regression,validation,20days
2016-07-18,1.0,0,0.7332457768959046,logistic_regression,validation,20days
2016-07-19,1.0,0,0.7652779056184766,logistic_regression,validation,20days
2016-07-20,1.0,0,0.724607114483052,logistic_regression,validation,20days
2016-07-21,1.0,0,0.726622094068968,logistic_regression,validation,20days
2016-07-22,1.0,0,0.6876072086040101,logistic_regression,validation,20days
2016-07-25,1.0,0,0.6990234528526769,logistic_regression,validation,20days
2016-07-26,1.0,0,0.7044370856699091,logistic_regression,validation,20days
2016-07-27,1.0,0,0.7544507531725773,logistic_regression,validation,20days
2016-07-28,1.0,0,0.7464463654379517,logistic_regression,validation,20days
2016-07-29,1.0,0,0.7938637174669009,logistic_regression,validation,20days
2016-08-01,1.0,0,0.758537516643789,logistic_regression,validation,20days
2016-08-02,1.0,0,0.7575830333257166,logistic_regression,validation,20days
2016-08-03,1.0,0,0.7487278530875067,logistic_regression,validation,20days
2016-08-04,1.0,0,0.7605189133332322,logistic_regression,validation,20days
2016-08-05,1.0,0,0.7959740549384088,logistic_regression,validation,20days
2016-08-08,1.0,0,0.7975475066975332,logistic_regression,validation,20days
2016-08-09,1.0,0,0.7873985453925185,logistic_regression,validation,20days
2016-08-10,1.0,0,0.7865339112344963,logistic_regression,validation,20days
2016-08-11,0.0,0,0.8029035749148521,logistic_regression,validation,20days
2016-08-12,0.0,0,0.8114430535798488,logistic_regression,validation,20days
2016-08-15,0.0,0,0.803282984448657,logistic_regression,validation,20days
2016-08-16,0.0,0,0.7564493810914067,logistic_regression,validation,20days
2016-08-17,0.0,0,0.7488745812133193,logistic_regression,validation,20days
2016-08-18,0.0,0,0.7526758026809531,logistic_regression,validation,20days
2016-08-19,0.0,0,0.7302183238544211,logistic_regression,validation,20days
2016-08-22,0.0,0,0.7288641957159839,logistic_regression,validation,20days
2016-08-23,0.0,0,0.7288219488622623,logistic_regression,validation,20days
2016-08-24,0.0,0,0.6859185636805517,logistic_regression,validation,20days
2016-08-25,0.0,0,0.7223901194040057,logistic_regression,validation,20days
2016-08-26,0.0,0,0.672184081908622,logistic_regression,validation,20days
2016-08-29,0.0,0,0.7176497974549121,logistic_regression,validation,20days
2016-08-30,0.0,0,0.6750103594236379,logistic_regression,validation,20days
2016-08-31,0.0,0,0.5946959302402494,logistic_regression,validation,20days
2016-09-01,0.0,0,0.5745825448419235,logistic_regression,validation,20days
2016-09-02,0.0,0,0.6243763818865324,logistic_regression,validation,20days
2016-09-06,0.0,0,0.6413660377532094,logistic_regression,validation,20days
2016-09-07,0.0,0,0.6110500756070085,logistic_regression,validation,20days
2016-09-08,0.0,0,0.5645983346865425,logistic_regression,validation,20days
2016-09-09,0.0,0,0.43464403910734395,logistic_regression,validation,20days
2016-09-12,0.0,0,0.5765749096489963,logistic_regression,validation,20days
2016-09-13,0.0,0,0.5200614457017034,logistic_regression,validation,20days
2016-09-14,0.0,0,0.4947864715814265,logistic_regression,validation,20days
2016-09-15,0.0,0,0.5760366856543164,logistic_regression,validation,20days
2016-09-16,0.0,0,0.47377386905691227,logistic_regression,validation,20days
2016-09-19,0.0,0,0.49984447538806,logistic_regression,validation,20days
2016-09-20,0.0,0,0.4794054278732943,logistic_regression,validation,20days
2016-09-21,0.0,0,0.5604067643359915,logistic_regression,validation,20days
2016-09-22,0.0,0,0.6163978089601173,logistic_regression,validation,20days
2016-09-23,0.0,0,0.6229551840734494,logistic_regression,validation,20days
2016-09-26,0.0,0,0.4949484513451389,logistic_regression,validation,20days
2016-09-27,0.0,0,0.6001844565367122,logistic_regression,validation,20days
2016-09-28,0.0,0,0.5782693457593839,logistic_regression,validation,20days
2016-09-29,0.0,0,0.5611800487687609,logistic_regression,validation,20days
2016-09-30,0.0,0,0.5682502556373996,logistic_regression,validation,20days
2016-10-03,0.0,0,0.48726541469631646,logistic_regression,validation,20days
2016-10-04,0.0,0,0.46820697876073747,logistic_regression,validation,20days
2016-10-05,0.0,0,0.4572837214105145,logistic_regression,validation,20days
2016-10-06,0.0,0,0.46535742402245744,logistic_regression,validation,20days
2016-10-07,0.0,0,0.4931971616911685,logistic_regression,validation,20days
2016-10-10,0.0,0,0.4753278235448423,logistic_regression,validation,20days
2016-10-11,0.0,0,0.43937366218562146,logistic_regression,validation,20days
2016-10-12,0.0,0,0.4535722822613936,logistic_regression,validation,20days
2016-10-13,0.0,0,0.48982037763576103,logistic_regression,validation,20days
2016-10-14,1.0,0,0.4519306960028831,logistic_regression,validation,20days
2016-10-17,1.0,0,0.4602789434629231,logistic_regression,validation,20days
2016-10-18,1.0,0,0.4741749495207461,logistic_regression,validation,20days
2016-10-19,1.0,0,0.47727023676407865,logistic_regression,validation,20days
2016-10-20,1.0,0,0.4763637357920714,logistic_regression,validation,20days
2016-10-21,1.0,0,0.4679870950323914,logistic_regression,validation,20days
2016-10-24,1.0,0,0.3871916544497272,logistic_regression,validation,20days
2016-10-25,1.0,0,0.4172163039027707,logistic_regression,validation,20days
2016-10-26,1.0,0,0.36763014522807635,logistic_regression,validation,20days
2016-10-27,1.0,0,0.3696510047756275,logistic_regression,validation,20days
2016-10-28,1.0,0,0.3954155102864673,logistic_regression,validation,20days
2016-10-31,1.0,0,0.3893606326962324,logistic_regression,validation,20days
2016-11-01,1.0,0,0.3574267902916448,logistic_regression,validation,20days
2016-11-02,1.0,0,0.3655152242753534,logistic_regression,validation,20days
2016-11-03,1.0,0,0.3322978870779536,logistic_regression,validation,20days
2016-11-04,1.0,0,0.34740134441347154,logistic_regression,validation,20days
2016-11-07,1.0,0,0.5527905283553789,logistic_regression,validation,20days
2016-11-08,1.0,0,0.5929619841979132,logistic_regression,validation,20days
2016-11-09,1.0,0,0.6776335570702556,logistic_regression,validation,20days
2016-11-10,1.0,0,0.6433800168604086,logistic_regression,validation,20days
2016-11-11,1.0,0,0.6531348505226466,logistic_regression,validation,20days
2016-11-14,1.0,0,0.71350212713798,logistic_regression,validation,20days
2016-11-15,1.0,0,0.7508281445960829,logistic_regression,validation,20days
2016-11-16,1.0,0,0.7704746823269832,logistic_regression,validation,20days
2016-11-17,1.0,0,0.7455560280069558,logistic_regression,validation,20days
2016-11-18,1.0,0,0.6880829332562471,logistic_regression,validation,20days
2016-11-21,1.0,0,0.6442124549414262,logistic_regression,validation,20days
2016-11-22,1.0,0,0.6845762599481979,logistic_regression,validation,20days
2016-11-23,1.0,0,0.6993557757323331,logistic_regression,validation,20days
2016-11-25,1.0,0,0.7412706506526228,logistic_regression,validation,20days
2016-11-28,1.0,0,0.7444666162050708,logistic_regression,validation,20days
2016-11-29,1.0,0,0.7608809554042726,logistic_regression,validation,20days
2016-11-30,1.0,0,0.7957406481228356,logistic_regression,validation,20days
2016-12-01,1.0,0,0.7695786858618182,logistic_regression,validation,20days
2016-12-02,1.0,0,0.7835519926356443,logistic_regression,validation,20days
2016-12-05,1.0,0,0.791687017961436,logistic_regression,validation,20days
2016-12-06,1.0,0,0.8057447394561836,logistic_regression,validation,20days
2016-12-07,1.0,0,0.8386989157219182,logistic_regression,validation,20days
2016-12-08,1.0,0,0.8551449754905941,logistic_regression,validation,20days
2016-12-09,1.0,0,0.8519657031381438,logistic_regression,validation,20days
2016-12-12,1.0,0,0.8731370492557179,logistic_regression,validation,20days
2016-12-13,1.0,0,0.8796911887573687,logistic_regression,validation,20days
2016-12-14,1.0,0,0.8599786234827022,logistic_regression,validation,20days
2016-12-15,1.0,0,0.8484351714087266,logistic_regression,validation,20days
2016-12-16,1.0,0,0.8231124494181019,logistic_regression,validation,20days
2016-12-19,1.0,0,0.7771867088356391,logistic_regression,validation,20days
2016-12-20,1.0,0,0.7953012139736377,logistic_regression,validation,20days
2016-12-21,1.0,0,0.753562224819813,logistic_regression,validation,20days
2016-12-22,1.0,0,0.7831511451601466,logistic_regression,validation,20days
2016-12-23,1.0,0,0.7908752419157339,logistic_regression,validation,20days
2016-12-27,1.0,0,0.8088618982912769,logistic_regression,validation,20days
2016-12-28,1.0,0,0.7663709070808722,logistic_regression,validation,20days
2016-12-29,1.0,0,0.7732466290938497,logistic_regression,validation,20days
2016-12-30,1.0,0,0.7419813237590166,logistic_regression,validation,20days
2017-01-03,1.0,0,0.7648279479585514,logistic_regression,validation,20days
2017-01-04,1.0,0,0.7784266651316618,logistic_regression,validation,20days
2017-01-05,1.0,0,0.7557328270267425,logistic_regression,validation,20days
2017-01-06,1.0,0,0.7858102260672739,logistic_regression,validation,20days
2017-01-09,1.0,0,0.7288995994925305,logistic_regression,validation,20days
2017-01-10,1.0,0,0.7429315253258625,logistic_regression,validation,20days
2017-01-11,1.0,0,0.7850242865979864,logistic_regression,validation,20days
2017-01-12,1.0,0,0.7928007394632751,logistic_regression,validation,20days
2017-01-13,1.0,0,0.795138798817479,logistic_regression,validation,20days
2017-01-17,1.0,0,0.7601255680413701,logistic_regression,validation,20days
2017-01-18,1.0,0,0.7379241370563423,logistic_regression,validation,20days
2017-01-19,1.0,0,0.7223812876487846,logistic_regression,validation,20days
2017-01-20,1.0,0,0.7610821989143214,logistic_regression,validation,20days
2017-01-23,1.0,0,0.7268730547370227,logistic_regression,validation,20days
2017-01-24,1.0,0,0.7683100931583962,logistic_regression,validation,20days
2017-01-25,1.0,0,0.7763014327981386,logistic_regression,validation,20days
2017-01-26,1.0,0,0.7537151108972999,logistic_regression,validation,20days
2017-01-27,1.0,0,0.7574173754044136,logistic_regression,validation,20days
2017-01-30,1.0,0,0.6957374870374445,logistic_regression,validation,20days
2017-01-31,1.0,0,0.7341428121186778,logistic_regression,validation,20days
2017-02-01,1.0,0,0.7360591270343023,logistic_regression,validation,20days
2017-02-02,1.0,0,0.765610960362462,logistic_regression,validation,20days
2017-02-03,1.0,0,0.7995184647831615,logistic_regression,validation,20days
2017-02-06,1.0,0,0.7689093300162844,logistic_regression,validation,20days
2017-02-07,1.0,0,0.7719367730383663,logistic_regression,validation,20days
2017-02-08,1.0,0,0.7978170673876993,logistic_regression,validation,20days
2017-02-09,1.0,0,0.8497322020038924,logistic_regression,validation,20days
2017-02-10,1.0,0,0.8743970054457083,logistic_regression,validation,20days
2017-02-13,1.0,0,0.8861826745743118,logistic_regression,validation,20days
2017-02-14,1.0,0,0.8679860529387943,logistic_regression,validation,20days
2017-02-15,1.0,0,0.886443442310076,logistic_regression,validation,20days
2017-02-16,1.0,0,0.8883419836435629,logistic_regression,validation,20days
2017-02-17,1.0,0,0.8967899338053809,logistic_regression,validation,20days
2017-02-21,1.0,0,0.908466315148952,logistic_regression,validation,20days
2017-02-22,1.0,0,0.902985170695019,logistic_regression,validation,20days
2017-02-23,1.0,0,0.9034369497797649,logistic_regression,validation,20days
2017-02-24,1.0,0,0.8950732159103725,logistic_regression,validation,20days
2017-02-27,1.0,0,0.8956977957466151,logistic_regression,validation,20days
2017-02-28,1.0,0,0.8821497347137747,logistic_regression,validation,20days
2017-03-01,1.0,0,0.8850478724947016,logistic_regression,validation,20days
2017-03-02,1.0,0,0.8338979904834524,logistic_regression,validation,20days
2017-03-03,1.0,0,0.848781851536899,logistic_regression,validation,20days
2017-03-06,1.0,0,0.8235509857437845,logistic_regression,validation,20days
2017-03-07,1.0,0,0.8150046356404637,logistic_regression,validation,20days
2017-03-08,1.0,0,0.8146524632537999,logistic_regression,validation,20days
2017-03-09,1.0,0,0.8070431539754247,logistic_regression,validation,20days
2017-03-10,1.0,0,0.8143594437450598,logistic_regression,validation,20days
2017-03-13,1.0,0,0.8020099718844929,logistic_regression,validation,20days
2017-03-14,1.0,0,0.7381372696633487,logistic_regression,validation,20days
2017-03-15,1.0,0,0.761886029951519,logistic_regression,validation,20days
2017-03-16,1.0,0,0.7800091757764277,logistic_regression,validation,20days
2017-03-17,1.0,0,0.7772470457251583,logistic_regression,validation,20days
2017-03-20,1.0,0,0.7618562022041191,logistic_regression,validation,20days
2017-03-21,1.0,0,0.6757411797493255,logistic_regression,validation,20days
2017-03-22,1.0,0,0.6846211331194769,logistic_regression,validation,20days
2017-03-23,1.0,0,0.6560092006748122,logistic_regression,validation,20days
2017-03-24,1.0,0,0.6470023826826852,logistic_regression,validation,20days
2017-03-27,1.0,0,0.6299049340705919,logistic_regression,validation,20days
2017-03-28,1.0,0,0.6750614919375967,logistic_regression,validation,20days
2017-03-29,1.0,0,0.6849076570079403,logistic_regression,validation,20days
2017-03-30,1.0,0,0.7262695872273425,logistic_regression,validation,20days
2017-03-31,1.0,0,0.7058242572428516,logistic_regression,validation,20days
2017-04-03,1.0,0,0.6772258772654783,logistic_regression,validation,20days
2017-04-04,1.0,0,0.6935778639496973,logistic_regression,validation,20days
2017-04-05,1.0,0,0.6028270311980759,logistic_regression,validation,20days
2017-04-06,1.0,0,0.6314821340482644,logistic_regression,validation,20days
2017-04-07,1.0,0,0.5731650753262243,logistic_regression,validation,20days
2017-04-10,1.0,0,0.5549775323784195,logistic_regression,validation,20days
2017-04-11,1.0,0,0.5451680799725062,logistic_regression,validation,20days
2017-04-12,1.0,0,0.510881849047887,logistic_regression,validation,20days
2017-04-13,1.0,0,0.4803594315666054,logistic_regression,validation,20days
2017-04-17,1.0,0,0.6204911578462421,logistic_regression,validation,20days
2017-04-18,1.0,0,0.6047926934313305,logistic_regression,validation,20days
2017-04-19,1.0,0,0.5754029983962091,logistic_regression,validation,20days
2017-04-20,1.0,0,0.6624736556735754,logistic_regression,validation,20days
2017-04-21,1.0,0,0.6157858660064798,logistic_regression,validation,20days
2017-04-24,1.0,0,0.72560874586738,logistic_regression,validation,20days
2017-04-25,1.0,0,0.7282286641363384,logistic_regression,validation,20days
2017-04-26,1.0,0,0.7429188042890368,logistic_regression,validation,20days
2017-04-27,1.0,0,0.764718255373379,logistic_regression,validation,20days
2017-04-28,1.0,0,0.7429049226510499,logistic_regression,validation,20days
2017-05-01,1.0,0,0.7379496645224765,logistic_regression,validation,20days
2017-05-02,1.0,0,0.7873794693460529,logistic_regression,validation,20days
2017-05-03,1.0,0,0.80325256715964,logistic_regression,validation,20days
2017-05-04,1.0,0,0.7662563764497234,logistic_regression,validation,20days
2017-05-05,1.0,0,0.7641697653454957,logistic_regression,validation,20days
2017-05-08,1.0,0,0.7372387156363092,logistic_regression,validation,20days
2017-05-09,1.0,0,0.7443383443338175,logistic_regression,validation,20days
2017-05-10,1.0,0,0.765957713978223,logistic_regression,validation,20days
2017-05-11,1.0,0,0.7340857543280354,logistic_regression,validation,20days
2017-05-12,1.0,0,0.7213575433202363,logistic_regression,validation,20days
2017-05-15,1.0,0,0.7811023974294167,logistic_regression,validation,20days
2017-05-16,1.0,0,0.7791517899860416,logistic_regression,validation,20days
2017-05-17,1.0,0,0.6313170963403937,logistic_regression,validation,20days
2017-05-18,1.0,0,0.6415682016546758,logistic_regression,validation,20days
2017-05-19,1.0,0,0.7176223736458748,logistic_regression,validation,20days
2017-05-22,1.0,0,0.7681406124655914,logistic_regression,validation,20days
2017-05-23,1.0,0,0.7806365634953059,logistic_regression,validation,20days
2017-05-24,1.0,0,0.7465953819101359,logistic_regression,validation,20days
2017-05-25,1.0,0,0.7850299936864588,logistic_regression,validation,20days
2017-05-26,1.0,0,0.805034376298728,logistic_regression,validation,20days
2017-05-30,1.0,0,0.7978265843382728,logistic_regression,validation,20days
2017-05-31,1.0,0,0.834109043171603,logistic_regression,validation,20days
2017-06-01,1.0,0,0.8548627850695956,logistic_regression,validation,20days
2017-06-02,1.0,0,0.8310820816714153,logistic_regression,validation,20days
2017-06-05,1.0,0,0.7979635060909946,logistic_regression,validation,20days
2017-06-06,1.0,0,0.7943643035735288,logistic_regression,validation,20days
2017-06-07,1.0,0,0.804933316386844,logistic_regression,validation,20days
2017-06-08,1.0,0,0.8231697678092064,logistic_regression,validation,20days
2017-06-09,1.0,0,0.8310429128060327,logistic_regression,validation,20days
2017-06-12,1.0,0,0.8117961244034749,logistic_regression,validation,20days
2017-06-13,1.0,0,0.8361073430684068,logistic_regression,validation,20days
2017-06-14,1.0,0,0.8055216350982064,logistic_regression,validation,20days
2017-06-15,1.0,0,0.7682530838335209,logistic_regression,validation,20days
2017-06-16,1.0,0,0.7807815476284817,logistic_regression,validation,20days
2017-06-19,1.0,0,0.813213839869692,logistic_regression,validation,20days
2017-06-20,1.0,0,0.7531747580533007,logistic_regression,validation,20days
2017-06-21,1.0,0,0.757845675523801,logistic_regression,validation,20days
2017-06-22,1.0,0,0.7282064823404265,logistic_regression,validation,20days
2017-06-23,1.0,0,0.7535194176268573,logistic_regression,validation,20days
2017-06-26,1.0,0,0.7635703322888807,logistic_regression,validation,20days
2017-06-27,1.0,0,0.6340938374523657,logistic_regression,validation,20days
2017-06-28,1.0,0,0.7108343796277397,logistic_regression,validation,20days
2017-06-29,1.0,0,0.6697531621623377,logistic_regression,validation,20days
2017-06-30,1.0,0,0.685894841147677,logistic_regression,validation,20days
2017-07-03,1.0,0,0.7002961965893473,logistic_regression,validation,20days
2017-07-05,1.0,0,0.7204379863631192,logistic_regression,validation,20days
2017-07-06,1.0,0,0.6852077171259894,logistic_regression,validation,20days
2017-07-07,1.0,0,0.7163227559571659,logistic_regression,validation,20days
2017-07-10,1.0,0,0.7300007752590625,logistic_regression,validation,20days
2017-07-11,1.0,0,0.740310633357261,logistic_regression,validation,20days
2017-07-12,1.0,0,0.7901992318209304,logistic_regression,validation,20days
2017-07-13,1.0,0,0.7596173387273824,logistic_regression,validation,20days
2017-07-14,1.0,0,0.8141061638302168,logistic_regression,validation,20days
2017-07-17,1.0,0,0.7946181074837362,logistic_regression,validation,20days
2017-07-18,1.0,0,0.8067009797346104,logistic_regression,validation,20days
2017-07-19,1.0,0,0.8268417194359727,logistic_regression,validation,20days
2017-07-20,1.0,0,0.839398663385224,logistic_regression,validation,20days
2017-07-21,1.0,0,0.8273601975339481,logistic_regression,validation,20days
2017-07-24,1.0,0,0.8117799774971783,logistic_regression,validation,20days
2017-07-25,1.0,0,0.8257488705613779,logistic_regression,validation,20days
2017-07-26,1.0,0,0.8157840261090247,logistic_regression,validation,20days
2017-07-27,1.0,0,0.851677321523749,logistic_regression,validation,20days
2017-07-28,1.0,0,0.8081050871225449,logistic_regression,validation,20days
2017-07-31,1.0,0,0.783121744091424,logistic_regression,validation,20days
2017-08-01,1.0,0,0.8059132885252539,logistic_regression,validation,20days
2017-08-02,1.0,0,0.8049176668064603,logistic_regression,validation,20days
2017-08-03,1.0,0,0.7940152578225323,logistic_regression,validation,20days
2017-08-04,1.0,0,0.8101887765337713,logistic_regression,validation,20days
2017-08-07,1.0,0,0.7971859726806247,logistic_regression,validation,20days
2017-08-08,1.0,0,0.7345302870038412,logistic_regression,validation,20days
2017-08-09,1.0,0,0.7523714549641749,logistic_regression,validation,20days
2017-08-10,1.0,0,0.5661190226015164,logistic_regression,validation,20days
2017-08-11,1.0,0,0.5579999180595278,logistic_regression,validation,20days
2017-08-14,1.0,0,0.6841708200438672,logistic_regression,validation,20days
2017-08-15,1.0,0,0.6565482741163434,logistic_regression,validation,20days
2017-08-16,1.0,0,0.669857110777919,logistic_regression,validation,20days
2017-08-17,1.0,0,0.5103359219656665,logistic_regression,validation,20days
2017-08-18,1.0,0,0.5241505429985202,logistic_regression,validation,20days
2017-08-21,1.0,0,0.5946857122130196,logistic_regression,validation,20days
2017-08-22,1.0,0,0.6918152699994345,logistic_regression,validation,20days
2017-08-23,1.0,0,0.6782965228363974,logistic_regression,validation,20days
2017-08-24,1.0,0,0.6339650367160976,logistic_regression,validation,20days
2017-08-25,1.0,0,0.5860671599509841,logistic_regression,validation,20days
2017-08-28,1.0,0,0.5875965542118924,logistic_regression,validation,20days
2017-08-29,1.0,0,0.6750869698470212,logistic_regression,validation,20days
2017-08-30,1.0,0,0.7289379042685405,logistic_regression,validation,20days
2017-08-31,1.0,0,0.783528585756377,logistic_regression,validation,20days
2017-09-01,1.0,0,0.7635152291104316,logistic_regression,validation,20days
2017-09-05,1.0,0,0.7044835619198928,logistic_regression,validation,20days
2017-09-06,1.0,0,0.7104769011174288,logistic_regression,validation,20days
2017-09-07,1.0,0,0.7600832567397788,logistic_regression,validation,20days
2017-09-08,1.0,0,0.7411159822677653,logistic_regression,validation,20days
2017-09-11,1.0,0,0.7843784677469653,logistic_regression,validation,20days
2017-09-12,1.0,0,0.7772283372181893,logistic_regression,validation,20days
2017-09-13,1.0,0,0.7756796717556503,logistic_regression,validation,20days
2017-09-14,1.0,0,0.7780826700421892,logistic_regression,validation,20days
2017-09-15,1.0,0,0.7653238678195087,logistic_regression,validation,20days
2017-09-18,1.0,0,0.790141501714296,logistic_regression,validation,20days
2017-09-19,1.0,0,0.8154733943772359,logistic_regression,validation,20days
2017-09-20,1.0,0,0.8253125522826358,logistic_regression,validation,20days
2017-09-21,1.0,0,0.7865362858659773,logistic_regression,validation,20days
2017-09-22,1.0,0,0.8019834272992974,logistic_regression,validation,20days
2017-09-25,1.0,0,0.7865561813925835,logistic_regression,validation,20days
2017-09-26,1.0,0,0.810570517860923,logistic_regression,validation,20days
2017-09-27,1.0,0,0.8504186751120071,logistic_regression,validation,20days
2017-09-28,1.0,0,0.8604101246460587,logistic_regression,validation,20days
2017-09-29,1.0,0,0.885469672756763,logistic_regression,validation,20days
2017-10-02,1.0,0,0.8771151184126645,logistic_regression,validation,20days
2017-10-03,1.0,0,0.8894772035473733,logistic_regression,validation,20days
2017-10-04,1.0,0,0.9011750406045662,logistic_regression,validation,20days
2017-10-05,1.0,0,0.9081413321145179,logistic_regression,validation,20days
2017-10-06,1.0,0,0.900882189695818,logistic_regression,validation,20days
2017-10-09,1.0,0,0.8972778990433835,logistic_regression,validation,20days
2017-10-10,1.0,0,0.900063001072871,logistic_regression,validation,20days
2017-10-11,1.0,0,0.9072734389310725,logistic_regression,validation,20days
2017-10-12,1.0,0,0.8957640688404536,logistic_regression,validation,20days
2017-10-13,1.0,0,0.8878649514400309,logistic_regression,validation,20days
2017-10-16,1.0,0,0.895158163743631,logistic_regression,validation,20days
2017-10-17,1.0,0,0.9029220988701518,logistic_regression,validation,20days
2017-10-18,1.0,0,0.9106142355511002,logistic_regression,validation,20days
2017-10-19,1.0,0,0.9151167547500827,logistic_regression,validation,20days
2017-10-20,1.0,0,0.9299299864837907,logistic_regression,validation,20days
2017-10-23,1.0,0,0.8866946657154349,logistic_regression,validation,20days
2017-10-24,1.0,0,0.8922359161687242,logistic_regression,validation,20days
2017-10-25,1.0,0,0.8568010968950648,logistic_regression,validation,20days
2017-10-26,1.0,0,0.8659671086549198,logistic_regression,validation,20days
2017-10-27,1.0,0,0.8927272077375844,logistic_regression,validation,20days
2017-10-30,1.0,0,0.8537987298418414,logistic_regression,validation,20days
2017-10-31,1.0,0,0.8653562320571055,logistic_regression,validation,20days
2017-11-01,1.0,0,0.8710037512510866,logistic_regression,validation,20days
2017-11-02,1.0,0,0.8633619820014437,logistic_regression,validation,20days
2017-11-03,1.0,0,0.8852501926811608,logistic_regression,validation,20days
2017-11-06,1.0,0,0.8857079558591843,logistic_regression,validation,20days
2017-11-07,1.0,0,0.8771716065758145,logistic_regression,validation,20days
2017-11-08,1.0,0,0.8892103204485523,logistic_regression,validation,20days
2017-11-09,1.0,0,0.839747637874516,logistic_regression,validation,20days
2017-11-10,1.0,0,0.8259621746874726,logistic_regression,validation,20days
2017-11-13,1.0,0,0.8349579910806992,logistic_regression,validation,20days
2017-11-14,1.0,0,0.8061059349883392,logistic_regression,validation,20days
2017-11-15,1.0,0,0.7234023031275097,logistic_regression,validation,20days
2017-11-16,1.0,0,0.810289857708604,logistic_regression,validation,20days
2017-11-17,1.0,0,0.8021178701923953,logistic_regression,validation,20days
2017-11-20,1.0,0,0.8211309201591499,logistic_regression,validation,20days
2017-11-21,1.0,0,0.8575868047110023,logistic_regression,validation,20days
2017-11-22,1.0,0,0.8316579215036194,logistic_regression,validation,20days
2017-11-24,1.0,0,0.8497177993021318,logistic_regression,validation,20days
2017-11-27,1.0,0,0.8573480537088006,logistic_regression,validation,20days
2017-11-28,1.0,0,0.8855541716146709,logistic_regression,validation,20days
2017-11-29,1.0,0,0.897807269222062,logistic_regression,validation,20days
2017-11-30,1.0,0,0.909666784299543,logistic_regression,validation,20days
2017-12-01,1.0,0,0.8863696683271135,logistic_regression,validation,20days
2017-12-04,1.0,0,0.8763828424704984,logistic_regression,validation,20days
2017-12-05,1.0,0,0.8600275555153175,logistic_regression,validation,20days
2017-12-06,1.0,0,0.8610233173354163,logistic_regression,validation,20days
2017-12-07,1.0,0,0.8816808203111941,logistic_regression,validation,20days
2017-12-08,1.0,0,0.8811171365786654,logistic_regression,validation,20days
2017-12-11,1.0,0,0.8841108221243181,logistic_regression,validation,20days
2017-12-12,1.0,0,0.8815509788245405,logistic_regression,validation,20days
2017-12-13,1.0,0,0.892777887380105,logistic_regression,validation,20days
2017-12-14,1.0,0,0.8668715237301664,logistic_regression,validation,20days
2017-12-15,1.0,0,0.8878770738916496,logistic_regression,validation,20days
2017-12-18,1.0,0,0.8744226657216416,logistic_regression,validation,20days
2017-12-19,1.0,0,0.8595751031898874,logistic_regression,validation,20days
2017-12-20,1.0,0,0.8504813074780934,logistic_regression,validation,20days
2017-12-21,1.0,0,0.8515425528126939,logistic_regression,validation,20days
2017-12-22,1.0,0,0.8769744816093679,logistic_regression,validation,20days
2017-12-26,1.0,0,0.8868452344571076,logistic_regression,validation,20days
2017-12-27,1.0,0,0.8971116710663491,logistic_regression,validation,20days
2017-12-28,1.0,0,0.9031474954773049,logistic_regression,validation,20days
2017-12-29,1.0,0,0.892398029079093,logistic_regression,validation,20days
2018-01-02,0.0,0,0.8729518247387409,logistic_regression,validation,20days
2018-01-03,0.0,0,0.9082108183246314,logistic_regression,validation,20days
2018-01-04,0.0,0,0.9140184624632179,logistic_regression,validation,20days
2018-01-05,0.0,0,0.9075919648140978,logistic_regression,validation,20days
2018-01-08,0.0,0,0.9115282937824565,logistic_regression,validation,20days
2018-01-09,0.0,0,0.9348723590825129,logistic_regression,validation,20days
2018-01-10,0.0,0,0.9428234137482929,logistic_regression,validation,20days
2018-01-11,0.0,0,0.9342133448805976,logistic_regression,validation,20days
2018-01-12,0.0,0,0.9443906255426034,logistic_regression,validation,20days
2018-01-16,0.0,0,0.9469734323228298,logistic_regression,validation,20days
2018-01-17,0.0,0,0.9317564554068697,logistic_regression,validation,20days
2018-01-18,0.0,0,0.932027567941591,logistic_regression,validation,20days
2018-01-19,0.0,0,0.9462535703363282,logistic_regression,validation,20days
2018-01-22,0.0,1,0.9506871226675322,logistic_regression,validation,20days
2018-01-23,0.0,0,0.917462568364019,logistic_regression,validation,20days
2018-01-24,0.0,0,0.9149176616202749,logistic_regression,validation,20days
2018-01-25,0.0,0,0.9219878732185599,logistic_regression,validation,20days
2018-01-26,0.0,0,0.8280567402822036,logistic_regression,validation,20days
2018-01-29,0.0,0,0.7431782029242927,logistic_regression,validation,20days
2018-01-30,0.0,0,0.6667487758598847,logistic_regression,validation,20days
2018-01-31,0.0,0,0.5825314066095463,logistic_regression,validation,20days
2018-02-01,0.0,0,0.5767350890859593,logistic_regression,validation,20days
2018-02-02,0.0,0,0.5687970721310797,logistic_regression,validation,20days
2018-02-05,0.0,0,0.5962694795330883,logistic_regression,validation,20days
2018-02-06,0.0,0,0.6682195119232206,logistic_regression,validation,20days
2018-02-07,0.0,0,0.6707828355641613,logistic_regression,validation,20days
2018-02-08,0.0,0,0.76877762656599,logistic_regression,validation,20days
2018-02-09,0.0,0,0.6985152640807656,logistic_regression,validation,20days
2018-02-12,0.0,0,0.5767820941444276,logistic_regression,validation,20days
2018-02-13,0.0,0,0.676575431149288,logistic_regression,validation,20days
2018-02-14,0.0,0,0.6970035324551893,logistic_regression,validation,20days
2018-02-15,0.0,0,0.5252626233171381,logistic_regression,validation,20days
2018-02-16,0.0,0,0.5910224194045566,logistic_regression,validation,20days
2018-02-20,0.0,0,0.6026462053902203,logistic_regression,validation,20days
2018-02-21,0.0,0,0.5076487189211731,logistic_regression,validation,20days
2018-02-22,0.0,0,0.615924611918122,logistic_regression,validation,20days
2018-02-23,0.0,0,0.5397871925697816,logistic_regression,validation,20days
2018-02-26,0.0,0,0.3678012863507563,logistic_regression,validation,20days
2018-02-27,0.0,0,0.4174797478330519,logistic_regression,validation,20days
2018-02-28,0.0,0,0.49396272652862155,logistic_regression,validation,20days
2018-03-01,0.0,0,0.5008704363992367,logistic_regression,validation,20days
2018-03-02,0.0,0,0.5689558853956064,logistic_regression,validation,20days
2018-03-05,0.0,0,0.6298108255662918,logistic_regression,validation,20days
2018-03-06,0.0,0,0.5674387427408225,logistic_regression,validation,20days
2018-03-07,0.0,0,0.5169550569745204,logistic_regression,validation,20days
2018-03-08,0.0,0,0.4797598768231752,logistic_regression,validation,20days
2018-03-09,0.0,0,0.4167600349644959,logistic_regression,validation,20days
2018-03-12,0.0,0,0.3739183387136576,logistic_regression,validation,20days
2018-03-13,0.0,0,0.5025785380062131,logistic_regression,validation,20days
2018-03-14,0.0,0,0.47193019017817184,logistic_regression,validation,20days
2018-03-15,0.0,0,0.38168615848001747,logistic_regression,validation,20days
2018-03-16,0.0,0,0.4184687029279954,logistic_regression,validation,20days
2018-03-19,0.0,0,0.3459575120801717,logistic_regression,validation,20days
2018-03-20,0.0,0,0.293604111599557,logistic_regression,validation,20days
2018-03-21,0.0,0,0.2780420125821871,logistic_regression,validation,20days
2018-03-22,0.0,0,0.4013068476743493,logistic_regression,validation,20days
2018-03-23,0.0,0,0.47348856127321737,logistic_regression,validation,20days
2018-03-26,0.0,0,0.3859466392297235,logistic_regression,validation,20days
2018-03-27,0.0,0,0.5282044145986572,logistic_regression,validation,20days
2018-03-28,0.0,0,0.5094941434419389,logistic_regression,validation,20days
2018-03-29,0.0,0,0.41518260434706594,logistic_regression,validation,20days
2018-04-02,0.0,0,0.4606103530679115,logistic_regression,validation,20days
2018-04-03,0.0,0,0.49615963998339324,logistic_regression,validation,20days
2018-04-04,0.0,0,0.4445939063870004,logistic_regression,validation,20days
2018-04-05,0.0,0,0.47854475406217867,logistic_regression,validation,20days
2018-04-06,1.0,0,0.7011204828239732,logistic_regression,validation,20days
2018-04-09,1.0,0,0.5180935115339802,logistic_regression,validation,20days
2018-04-10,1.0,0,0.4396572802279881,logistic_regression,validation,20days
2018-04-11,1.0,0,0.5614978526278188,logistic_regression,validation,20days
2018-04-12,1.0,0,0.44277463104273884,logistic_regression,validation,20days
2018-04-13,1.0,0,0.3880067303944561,logistic_regression,validation,20days
2018-04-16,1.0,0,0.4179585149273286,logistic_regression,validation,20days
2018-04-17,1.0,0,0.3139346482592798,logistic_regression,validation,20days
2018-04-18,1.0,0,0.33921952112274717,logistic_regression,validation,20days
2018-04-19,1.0,0,0.4221004876613953,logistic_regression,validation,20days
2018-04-20,1.0,0,0.44035137235550037,logistic_regression,validation,20days
2018-04-23,1.0,0,0.3695426729194421,logistic_regression,validation,20days
2018-04-24,1.0,0,0.46134397758201046,logistic_regression,validation,20days
2018-04-25,1.0,0,0.47611004241393273,logistic_regression,validation,20days
2018-04-26,1.0,0,0.3999418353842746,logistic_regression,validation,20days
2018-04-27,1.0,0,0.43360974717763495,logistic_regression,validation,20days
2018-04-30,1.0,0,0.4802134305081105,logistic_regression,validation,20days
2018-05-01,1.0,0,0.5010195540809299,logistic_regression,validation,20days
2018-05-02,1.0,0,0.5928173158824261,logistic_regression,validation,20days
2018-05-03,1.0,0,0.6848396422724646,logistic_regression,validation,20days
2018-05-04,1.0,0,0.6717197577513654,logistic_regression,validation,20days
2018-05-07,1.0,0,0.6122138069458664,logistic_regression,validation,20days
2018-05-08,1.0,0,0.6637198867061905,logistic_regression,validation,20days
2018-05-09,1.0,0,0.5731283613453789,logistic_regression,validation,20days
2018-05-10,1.0,0,0.5607537702775247,logistic_regression,validation,20days
2018-05-11,1.0,0,0.6355817548037951,logistic_regression,validation,20days
2018-05-14,1.0,0,0.6912455599238984,logistic_regression,validation,20days
2018-05-15,1.0,0,0.637553972577368,logistic_regression,validation,20days
2018-05-16,1.0,0,0.6759403145185503,logistic_regression,validation,20days
2018-05-17,1.0,0,0.6298434748734754,logistic_regression,validation,20days
2018-05-18,1.0,0,0.601301343845986,logistic_regression,validation,20days
2018-05-21,1.0,0,0.621890678895037,logistic_regression,validation,20days
2018-05-22,1.0,0,0.5802250990683288,logistic_regression,validation,20days
2018-05-23,1.0,0,0.6100448636289532,logistic_regression,validation,20days
2018-05-24,1.0,0,0.6572784262808934,logistic_regression,validation,20days
2018-05-25,1.0,0,0.6909617576247093,logistic_regression,validation,20days
2018-05-29,1.0,0,0.7224183775505778,logistic_regression,validation,20days
2018-05-30,1.0,0,0.7406987863522726,logistic_regression,validation,20days
2018-05-31,1.0,0,0.7436012978903777,logistic_regression,validation,20days
2018-06-01,1.0,0,0.7396667260327787,logistic_regression,validation,20days
2018-06-04,1.0,0,0.7345115396714574,logistic_regression,validation,20days
2018-06-05,1.0,0,0.7041273989896714,logistic_regression,validation,20days
2018-06-06,1.0,0,0.7294929955686363,logistic_regression,validation,20days
2018-06-07,1.0,0,0.743140101714178,logistic_regression,validation,20days
2018-06-08,1.0,0,0.7709725044557615,logistic_regression,validation,20days
2018-06-11,1.0,0,0.7991600958594591,logistic_regression,validation,20days
2018-06-12,1.0,0,0.7799632654066643,logistic_regression,validation,20days
2018-06-13,1.0,0,0.7437838472963882,logistic_regression,validation,20days
2018-06-14,1.0,0,0.7265469112994704,logistic_regression,validation,20days
2018-06-15,1.0,0,0.6938673133420366,logistic_regression,validation,20days
2018-06-18,1.0,0,0.6557935981537681,logistic_regression,validation,20days
2018-06-19,1.0,0,0.670101508515077,logistic_regression,validation,20days
2018-06-20,1.0,0,0.6082117598291573,logistic_regression,validation,20days
2018-06-21,1.0,0,0.5933262453009173,logistic_regression,validation,20days
2018-06-22,1.0,0,0.586867447773377,logistic_regression,validation,20days
2018-06-25,1.0,0,0.5856940725775195,logistic_regression,validation,20days
2018-06-26,1.0,0,0.6119014792349435,logistic_regression,validation,20days
2018-06-27,1.0,0,0.621436141358642,logistic_regression,validation,20days
2018-06-28,1.0,0,0.6271398588766912,logistic_regression,validation,20days
2018-06-29,1.0,0,0.6863854319688422,logistic_regression,validation,20days
2018-07-02,1.0,0,0.640035613922075,logistic_regression,validation,20days
2018-07-03,1.0,0,0.6521921447488699,logistic_regression,validation,20days
2018-07-05,1.0,0,0.6841485365477544,logistic_regression,validation,20days
2018-07-06,1.0,0,0.7413961986724639,logistic_regression,validation,20days
2018-07-09,1.0,0,0.728937427533272,logistic_regression,validation,20days
2018-07-10,1.0,0,0.7439433978049419,logistic_regression,validation,20days
2018-07-11,1.0,0,0.6771345455973777,logistic_regression,validation,20days
2018-07-12,1.0,0,0.7072496243576472,logistic_regression,validation,20days
2018-07-13,1.0,0,0.727414199601943,logistic_regression,validation,20days
2018-07-16,1.0,0,0.7607671534340983,logistic_regression,validation,20days
2018-07-17,1.0,0,0.7422350669742543,logistic_regression,validation,20days
2018-07-18,1.0,0,0.7219468098679785,logistic_regression,validation,20days
2018-07-19,1.0,0,0.6903321480485765,logistic_regression,validation,20days
2018-07-20,1.0,0,0.6957565938798459,logistic_regression,validation,20days
2018-07-23,1.0,0,0.6967937576803354,logistic_regression,validation,20days
2018-07-24,1.0,0,0.7345139237451965,logistic_regression,validation,20days
2018-07-25,1.0,0,0.7566678565260969,logistic_regression,validation,20days
2018-07-26,1.0,0,0.7175672007838907,logistic_regression,validation,20days
2018-07-27,1.0,0,0.7490934459033622,logistic_regression,validation,20days
2018-07-30,1.0,0,0.7454666475310108,logistic_regression,validation,20days
2018-07-31,1.0,0,0.7365762449376246,logistic_regression,validation,20days
2018-08-01,1.0,0,0.776938743747352,logistic_regression,validation,20days
2018-08-02,1.0,0,0.7662307016348711,logistic_regression,validation,20days
2018-08-03,1.0,0,0.7376267607280105,logistic_regression,validation,20days
2018-08-06,1.0,0,0.7154388068604328,logistic_regression,validation,20days
2018-08-07,1.0,0,0.7372762375095607,logistic_regression,validation,20days
2018-08-08,1.0,0,0.7501631316263645,logistic_regression,validation,20days
2018-08-09,1.0,0,0.8004025976551531,logistic_regression,validation,20days
2018-08-10,1.0,0,0.7801715091385487,logistic_regression,validation,20days
2018-08-13,1.0,0,0.7410085768916221,logistic_regression,validation,20days
2018-08-14,1.0,0,0.7525429137877163,logistic_regression,validation,20days
2018-08-15,1.0,0,0.7528725832736933,logistic_regression,validation,20days
2018-08-16,1.0,0,0.7595785495250684,logistic_regression,validation,20days
2018-08-17,1.0,0,0.7573822535284335,logistic_regression,validation,20days
2018-08-20,1.0,0,0.7569531414234444,logistic_regression,validation,20days
2018-08-21,1.0,0,0.8050317848676065,logistic_regression,validation,20days
2018-08-22,1.0,0,0.8098044796338906,logistic_regression,validation,20days
2018-08-23,1.0,0,0.8214248602945712,logistic_regression,validation,20days
2018-08-24,1.0,0,0.8242103904744955,logistic_regression,validation,20days
2018-08-27,1.0,0,0.7963989854123326,logistic_regression,validation,20days
2018-08-28,1.0,0,0.7882359482075151,logistic_regression,validation,20days
2018-08-29,1.0,0,0.7895680692582382,logistic_regression,validation,20days
2018-08-30,1.0,0,0.744242762106879,logistic_regression,validation,20days
2018-08-31,1.0,0,0.7908403976088778,logistic_regression,validation,20days
2018-09-04,1.0,0,0.7774553866273909,logistic_regression,validation,20days
2018-09-05,1.0,0,0.7676279611336637,logistic_regression,validation,20days
2018-09-06,1.0,0,0.7391264092674679,logistic_regression,validation,20days
2018-09-07,1.0,0,0.7204935355749159,logistic_regression,validation,20days
2018-09-10,1.0,0,0.7273790788307571,logistic_regression,validation,20days
2018-09-11,1.0,0,0.751965853942581,logistic_regression,validation,20days
2018-09-12,0.0,0,0.7799988984246371,logistic_regression,validation,20days
2018-09-13,0.0,0,0.7727975747224027,logistic_regression,validation,20days
2018-09-14,0.0,0,0.7998908718104113,logistic_regression,validation,20days
2018-09-17,0.0,0,0.7528252914907859,logistic_regression,validation,20days
2018-09-18,0.0,0,0.7877266423269083,logistic_regression,validation,20days
2018-09-19,0.0,0,0.7942536854172446,logistic_regression,validation,20days
2018-09-20,0.0,0,0.8342989379926841,logistic_regression,validation,20days
2018-09-21,0.0,0,0.8318482873862275,logistic_regression,validation,20days
2018-09-24,0.0,0,0.7588722488181097,logistic_regression,validation,20days
2018-09-25,0.0,0,0.7518350808242902,logistic_regression,validation,20days
2018-09-26,0.0,0,0.7981985810844859,logistic_regression,validation,20days
2018-09-27,0.0,0,0.8068129443412154,logistic_regression,validation,20days
2018-09-28,0.0,0,0.7309863703558723,logistic_regression,validation,20days
2018-10-01,0.0,0,0.682647995488992,logistic_regression,validation,20days
2018-10-02,0.0,0,0.5633839343434283,logistic_regression,validation,20days
2018-10-03,0.0,0,0.5627904685765124,logistic_regression,validation,20days
2018-10-04,0.0,0,0.49753607146864015,logistic_regression,validation,20days
2018-10-05,0.0,0,0.45142607045809,logistic_regression,validation,20days
2018-10-08,0.0,0,0.43667736431992976,logistic_regression,validation,20days
2018-10-09,0.0,0,0.4040887410878301,logistic_regression,validation,20days
2018-10-10,0.0,0,0.47737916833078486,logistic_regression,validation,20days
2018-10-11,0.0,0,0.40588814315763977,logistic_regression,validation,20days
2018-10-12,0.0,0,0.44693672471101537,logistic_regression,validation,20days
2018-10-15,0.0,0,0.39596531629467463,logistic_regression,validation,20days
2018-10-16,0.0,0,0.3442638805119043,logistic_regression,validation,20days
2018-10-17,0.0,0,0.21971330057707045,logistic_regression,validation,20days
2018-10-18,0.0,0,0.20115407227342527,logistic_regression,validation,20days
2018-10-19,0.0,0,0.25198986458726524,logistic_regression,validation,20days
2018-10-22,0.0,0,0.24145902382664858,logistic_regression,validation,20days
2018-10-23,0.0,0,0.33153148613269345,logistic_regression,validation,20days
2018-10-24,0.0,0,0.4551631255975274,logistic_regression,validation,20days
2018-10-25,0.0,0,0.33821780689596037,logistic_regression,validation,20days
2018-10-26,0.0,0,0.42301472581813715,logistic_regression,validation,20days
2018-10-29,0.0,0,0.50708678163146,logistic_regression,validation,20days
2018-10-30,0.0,0,0.40727448700782204,logistic_regression,validation,20days
2018-10-31,0.0,0,0.37937781694832384,logistic_regression,validation,20days
2018-11-01,0.0,0,0.3471352527869895,logistic_regression,validation,20days
2018-11-02,0.0,0,0.31099162440420036,logistic_regression,validation,20days
2018-11-05,0.0,0,0.3077466947336538,logistic_regression,validation,20days
2018-11-06,0.0,0,0.348628986593973,logistic_regression,validation,20days
2018-11-07,0.0,0,0.2778398556265048,logistic_regression,validation,20days
2018-11-08,0.0,0,0.21213204283740086,logistic_regression,validation,20days
2018-11-09,0.0,0,0.21770487463510022,logistic_regression,validation,20days
2018-11-12,0.0,0,0.2125459740464708,logistic_regression,validation,20days
2018-11-13,0.0,0,0.14613764283778524,logistic_regression,validation,20days
2018-11-14,0.0,0,0.23811424822709903,logistic_regression,validation,20days
2018-11-15,0.0,0,0.23203078627078008,logistic_regression,validation,20days
2018-11-16,0.0,0,0.24993518803677012,logistic_regression,validation,20days
2018-11-19,0.0,0,0.34225845509244757,logistic_regression,validation,20days
2018-11-20,0.0,0,0.4304373499361449,logistic_regression,validation,20days
2018-11-21,0.0,0,0.47150661560968476,logistic_regression,validation,20days
2018-11-23,0.0,0,0.5571972061206437,logistic_regression,validation,20days
2018-11-26,0.0,0,0.5484325381192264,logistic_regression,validation,20days
2018-11-27,0.0,0,0.445200475288468,logistic_regression,validation,20days
2018-11-28,0.0,0,0.258908987488481,logistic_regression,validation,20days
2018-11-29,0.0,0,0.3074733336829678,logistic_regression,validation,20days
2018-11-30,0.0,0,0.26227806142297794,logistic_regression,validation,20days
2018-12-03,0.0,0,0.2490502855006291,logistic_regression,validation,20days
2018-12-04,0.0,0,0.4186185139662112,logistic_regression,validation,20days
2018-12-06,0.0,0,0.39548632171559744,logistic_regression,validation,20days
2018-12-07,0.0,0,0.38204394675103187,logistic_regression,validation,20days
2018-12-10,0.0,0,0.3361555051399555,logistic_regression,validation,20days
2018-12-11,0.0,0,0.13335626550778137,logistic_regression,validation,20days
2018-12-12,0.0,0,0.07643359180730765,logistic_regression,validation,20days
2018-12-13,0.0,0,0.06980590252010219,logistic_regression,validation,20days
2018-12-14,1.0,0,0.09549632928877903,logistic_regression,validation,20days
2018-12-17,1.0,0,0.1432036034742486,logistic_regression,validation,20days
2018-12-18,1.0,0,0.20313350863151763,logistic_regression,validation,20days
2018-12-19,1.0,0,0.27946237366522503,logistic_regression,validation,20days
2018-12-20,1.0,0,0.29575284370260924,logistic_regression,validation,20days
2018-12-21,1.0,0,0.37385975503608404,logistic_regression,validation,20days
2018-12-24,1.0,0,0.36515754622640706,logistic_regression,validation,20days
2018-12-26,1.0,0,0.28989774744334706,logistic_regression,validation,20days
2018-12-27,1.0,0,0.280929906408221,logistic_regression,validation,20days
2018-12-28,1.0,0,0.3170207364964824,logistic_regression,validation,20days
2018-12-31,1.0,0,0.29748312918918174,logistic_regression,validation,20days
2019-01-02,1.0,0,0.23020973323382826,logistic_regression,validation,20days
2019-01-03,1.0,0,0.4561495358753743,logistic_regression,validation,20days
2019-01-04,1.0,0,0.39213854572173384,logistic_regression,validation,20days
2019-01-07,1.0,0,0.42436556125893105,logistic_regression,validation,20days
2019-01-08,1.0,0,0.3871381380115162,logistic_regression,validation,20days
2019-01-09,1.0,0,0.316747075370275,logistic_regression,validation,20days
2019-01-10,1.0,0,0.1476317549470682,logistic_regression,validation,20days
2019-01-11,1.0,0,0.3465823548969553,logistic_regression,validation,20days
2019-01-14,1.0,0,0.4118516403261327,logistic_regression,validation,20days
2019-01-15,1.0,0,0.3480553761971415,logistic_regression,validation,20days
2019-01-16,1.0,0,0.3818843874858806,logistic_regression,validation,20days
2019-01-17,1.0,0,0.4019259195372076,logistic_regression,validation,20days
2019-01-18,1.0,0,0.2670114503778513,logistic_regression,validation,20days
2019-01-22,1.0,0,0.4140685711914311,logistic_regression,validation,20days
2019-01-23,1.0,0,0.49298233508496925,logistic_regression,validation,20days
2019-01-24,1.0,0,0.5817446163707465,logistic_regression,validation,20days
2019-01-25,1.0,0,0.6026107502508777,logistic_regression,validation,20days
2019-01-28,1.0,0,0.6850180536594217,logistic_regression,validation,20days
2019-01-29,1.0,0,0.6233045191876071,logistic_regression,validation,20days
2019-01-30,1.0,0,0.5682286965240899,logistic_regression,validation,20days
2019-01-31,1.0,0,0.6026736311133849,logistic_regression,validation,20days
2019-02-01,1.0,0,0.6018741270315823,logistic_regression,validation,20days
2019-02-04,1.0,0,0.6303524249186792,logistic_regression,validation,20days
2019-02-05,1.0,0,0.6989138757673337,logistic_regression,validation,20days
2019-02-06,1.0,0,0.7404739526607146,logistic_regression,validation,20days
2019-02-07,1.0,0,0.7839888798332454,logistic_regression,validation,20days
2019-02-08,1.0,0,0.7976296409230826,logistic_regression,validation,20days
2019-02-11,1.0,0,0.8366741149070528,logistic_regression,validation,20days
2019-02-12,1.0,0,0.7985356386353897,logistic_regression,validation,20days
2019-02-13,1.0,0,0.7900822868478712,logistic_regression,validation,20days
2019-02-14,1.0,0,0.7961171401311881,logistic_regression,validation,20days
2019-02-15,1.0,0,0.8040906447006907,logistic_regression,validation,20days
2019-02-19,1.0,0,0.8108336238126845,logistic_regression,validation,20days
2019-02-20,1.0,0,0.851757513790431,logistic_regression,validation,20days
2019-02-21,1.0,0,0.8711723175493143,logistic_regression,validation,20days
2019-02-22,1.0,0,0.8499278466832179,logistic_regression,validation,20days
2019-02-25,1.0,0,0.8185423653337299,logistic_regression,validation,20days
2019-02-26,1.0,0,0.8079910936060227,logistic_regression,validation,20days
2019-02-27,1.0,0,0.79602091602571,logistic_regression,validation,20days
2019-02-28,1.0,0,0.8210818441492701,logistic_regression,validation,20days
2019-03-01,1.0,0,0.8213639147820697,logistic_regression,validation,20days
2019-03-04,1.0,0,0.8289268398403381,logistic_regression,validation,20days
2019-03-05,1.0,0,0.8462915712591982,logistic_regression,validation,20days
2019-03-06,1.0,0,0.8498502768481089,logistic_regression,validation,20days
2019-03-07,1.0,0,0.8268951108560869,logistic_regression,validation,20days
2019-03-08,1.0,0,0.8629227822691832,logistic_regression,validation,20days
2019-03-11,1.0,0,0.8599257102914315,logistic_regression,validation,20days
2019-03-12,1.0,0,0.8500162425416566,logistic_regression,validation,20days
2019-03-13,1.0,0,0.8426356028006956,logistic_regression,validation,20days
2019-03-14,1.0,0,0.821302775217284,logistic_regression,validation,20days
2019-03-15,1.0,0,0.7986122441670014,logistic_regression,validation,20days
2019-03-18,1.0,0,0.8248888176232716,logistic_regression,validation,20days
2019-03-19,1.0,0,0.8514498535361458,logistic_regression,validation,20days
2019-03-20,1.0,0,0.8594300256507484,logistic_regression,validation,20days
2019-03-21,1.0,0,0.8382924420750559,logistic_regression,validation,20days
2019-03-22,1.0,0,0.801402934106421,logistic_regression,validation,20days
2019-03-25,1.0,0,0.7832728273292802,logistic_regression,validation,20days
2019-03-26,1.0,0,0.8200314667239784,logistic_regression,validation,20days
2019-03-27,1.0,0,0.810969816707075,logistic_regression,validation,20days
2019-03-28,1.0,0,0.8336206632206252,logistic_regression,validation,20days
2019-03-29,1.0,0,0.7923776041660836,logistic_regression,validation,20days
2019-04-01,1.0,0,0.7699177082626035,logistic_regression,validation,20days
2019-04-02,1.0,0,0.8162957484538926,logistic_regression,validation,20days
2019-04-03,1.0,0,0.8253293826647853,logistic_regression,validation,20days
2019-04-04,0.0,0,0.8224781613803817,logistic_regression,validation,20days
2019-04-05,0.0,0,0.8546720795170801,logistic_regression,validation,20days
2019-04-08,0.0,0,0.8351213743892375,logistic_regression,validation,20days
2019-04-09,0.0,0,0.826399847527985,logistic_regression,validation,20days
2019-04-10,0.0,0,0.838666165455238,logistic_regression,validation,20days
2019-04-11,0.0,0,0.825505720650332,logistic_regression,validation,20days
2019-04-12,0.0,0,0.8321346115133872,logistic_regression,validation,20days
2019-04-15,0.0,0,0.8401511421775858,logistic_regression,validation,20days
2019-04-16,0.0,0,0.8668855318800252,logistic_regression,validation,20days
2019-04-17,0.0,0,0.8666031224145098,logistic_regression,validation,20days
2019-04-18,0.0,0,0.8644566229509764,logistic_regression,validation,20days
2019-04-22,0.0,0,0.8724556537269785,logistic_regression,validation,20days
2019-04-23,0.0,0,0.8938927286353017,logistic_regression,validation,20days
2019-04-24,0.0,0,0.8868237024779149,logistic_regression,validation,20days
2019-04-25,0.0,0,0.8667369892232671,logistic_regression,validation,20days
2019-04-26,0.0,0,0.8528188134859008,logistic_regression,validation,20days
2019-04-29,0.0,0,0.8800323419831898,logistic_regression,validation,20days
2019-04-30,0.0,0,0.8772649910131392,logistic_regression,validation,20days
2019-05-01,0.0,0,0.7688209556722608,logistic_regression,validation,20days
2019-05-02,0.0,0,0.7388307800439917,logistic_regression,validation,20days
2019-05-03,0.0,0,0.7562328817097312,logistic_regression,validation,20days
2019-05-06,0.0,0,0.7484762494020057,logistic_regression,validation,20days
2019-05-07,0.0,0,0.6449171572915782,logistic_regression,validation,20days
2019-05-08,0.0,0,0.622336417516589,logistic_regression,validation,20days
2019-05-09,0.0,0,0.6388468092027687,logistic_regression,validation,20days
2019-05-10,1.0,0,0.6693752873564499,logistic_regression,validation,20days
2019-05-13,1.0,0,0.6642429458986844,logistic_regression,validation,20days
2019-05-14,1.0,0,0.6173913407551588,logistic_regression,validation,20days
2019-05-15,1.0,0,0.5991645979339771,logistic_regression,validation,20days
2019-05-16,1.0,0,0.5848550767588523,logistic_regression,validation,20days
2019-05-17,1.0,0,0.5842644683060347,logistic_regression,validation,20days
2019-05-20,1.0,0,0.4492554223769201,logistic_regression,validation,20days
2019-05-21,1.0,0,0.46373105172515944,logistic_regression,validation,20days
2019-05-22,1.0,0,0.44488343622787974,logistic_regression,validation,20days
2019-05-23,1.0,0,0.48204690174250936,logistic_regression,validation,20days
2019-05-24,1.0,0,0.4705102925320584,logistic_regression,validation,20days
2019-05-28,1.0,0,0.5230925542142705,logistic_regression,validation,20days
2019-05-29,1.0,0,0.518536487299461,logistic_regression,validation,20days
2019-05-30,1.0,0,0.5185089014818137,logistic_regression,validation,20days
2019-05-31,1.0,0,0.5649598977036298,logistic_regression,validation,20days
2019-06-03,1.0,0,0.5884729383803265,logistic_regression,validation,20days
2019-06-04,1.0,0,0.5721712139970677,logistic_regression,validation,20days
2019-06-05,1.0,0,0.5438052673764048,logistic_regression,validation,20days
2019-06-06,1.0,0,0.5732334439010627,logistic_regression,validation,20days
2019-06-07,1.0,0,0.5523072237477176,logistic_regression,validation,20days
2019-06-10,1.0,0,0.5436658273980205,logistic_regression,validation,20days
2019-06-11,1.0,0,0.6596310163534902,logistic_regression,validation,20days
2019-06-12,1.0,0,0.6738972336713929,logistic_regression,validation,20days
2019-06-13,1.0,0,0.6485202566053893,logistic_regression,validation,20days
2019-06-14,1.0,0,0.667317750188175,logistic_regression,validation,20days
2019-06-17,1.0,0,0.5986256256496895,logistic_regression,validation,20days
2019-06-18,1.0,0,0.5532914224322428,logistic_regression,validation,20days
2019-06-19,1.0,0,0.5932409650145114,logistic_regression,validation,20days
2019-06-20,1.0,0,0.6249317739288233,logistic_regression,validation,20days
2019-06-21,1.0,0,0.664344133413144,logistic_regression,validation,20days
2019-06-24,1.0,0,0.6975359911825837,logistic_regression,validation,20days
2019-06-25,1.0,0,0.7282359102622725,logistic_regression,validation,20days
2019-06-26,1.0,0,0.7399558229344327,logistic_regression,validation,20days
2019-06-27,1.0,0,0.745773184267563,logistic_regression,validation,20days
2019-06-28,1.0,0,0.7602321198819726,logistic_regression,validation,20days
2019-07-01,0.0,0,0.7474824868608424,logistic_regression,validation,20days
2019-07-02,0.0,0,0.7413996123150388,logistic_regression,validation,20days
2019-07-03,0.0,0,0.738595732016353,logistic_regression,validation,20days
2019-07-05,0.0,0,0.7839238497088611,logistic_regression,validation,20days
2019-07-08,0.0,0,0.808231087999579,logistic_regression,validation,20days
2019-07-09,0.0,0,0.8168463073972902,logistic_regression,validation,20days
2019-07-10,0.0,0,0.824513148439474,logistic_regression,validation,20days
2019-07-11,0.0,0,0.8262489514416403,logistic_regression,validation,20days
2019-07-12,0.0,0,0.7910945197643291,logistic_regression,validation,20days
2019-07-15,0.0,0,0.7952088450857735,logistic_regression,validation,20days
2019-07-16,0.0,0,0.7987587612238155,logistic_regression,validation,20days
2019-07-17,0.0,0,0.821559805402812,logistic_regression,validation,20days
2019-07-18,0.0,0,0.8417384556962376,logistic_regression,validation,20days
2019-07-19,0.0,0,0.8506280682132159,logistic_regression,validation,20days
2019-07-22,0.0,0,0.8692694768088074,logistic_regression,validation,20days
2019-07-23,0.0,0,0.7902163060176541,logistic_regression,validation,20days
2019-07-24,0.0,0,0.7263938398126202,logistic_regression,validation,20days
2019-07-25,0.0,0,0.6502109284784627,logistic_regression,validation,20days
2019-07-26,0.0,0,0.635203481900861,logistic_regression,validation,20days
2019-07-29,0.0,0,0.6870562452723411,logistic_regression,validation,20days
2019-07-30,0.0,0,0.6541059142572488,logistic_regression,validation,20days
2019-07-31,0.0,0,0.725312974044074,logistic_regression,validation,20days
2019-08-01,0.0,0,0.6330718890370416,logistic_regression,validation,20days
2019-08-02,0.0,0,0.5824565325839339,logistic_regression,validation,20days
2019-08-05,0.0,0,0.5836713441238511,logistic_regression,validation,20days
2019-08-06,0.0,0,0.5965171750539787,logistic_regression,validation,20days
2019-08-07,0.0,0,0.5540698819359215,logistic_regression,validation,20days
2019-08-08,0.0,0,0.5144827138223119,logistic_regression,validation,20days
2019-08-09,0.0,0,0.5879821493081169,logistic_regression,validation,20days
2019-08-12,0.0,0,0.46909481170804745,logistic_regression,validation,20days
2019-08-13,0.0,0,0.5373641379849607,logistic_regression,validation,20days
2019-08-14,0.0,0,0.6634128266158956,logistic_regression,validation,20days
2019-08-15,0.0,0,0.6334984978040393,logistic_regression,validation,20days
2019-08-16,0.0,0,0.5761509833859504,logistic_regression,validation,20days
2019-08-19,0.0,0,0.49230577619086713,logistic_regression,validation,20days
2019-08-20,0.0,0,0.43337999349820006,logistic_regression,validation,20days
2019-08-21,0.0,0,0.32343326416640306,logistic_regression,validation,20days
2019-08-22,0.0,0,0.3478050000700777,logistic_regression,validation,20days
2019-08-23,0.0,0,0.631065676801218,logistic_regression,validation,20days
2019-08-26,0.0,0,0.6037177950786461,logistic_regression,validation,20days
2019-08-27,0.0,0,0.555678618789625,logistic_regression,validation,20days
2019-08-28,0.0,0,0.6345535590008828,logistic_regression,validation,20days
2019-08-29,0.0,0,0.5034020452724401,logistic_regression,validation,20days
2019-08-30,0.0,0,0.4383371974128188,logistic_regression,validation,20days
2019-09-03,0.0,0,0.5255762244534932,logistic_regression,validation,20days
2019-09-04,0.0,0,0.5243523514022383,logistic_regression,validation,20days
2019-09-05,0.0,0,0.517499391574914,logistic_regression,validation,20days
2019-09-06,0.0,0,0.6192478603747897,logistic_regression,validation,20days
2019-09-09,0.0,0,0.6355175869402527,logistic_regression,validation,20days
2019-09-10,0.0,0,0.5542049651474751,logistic_regression,validation,20days
2019-09-11,0.0,0,0.5628066853335095,logistic_regression,validation,20days
2019-09-12,0.0,0,0.5519267325586006,logistic_regression,validation,20days
2019-09-13,0.0,0,0.5800617415505455,logistic_regression,validation,20days
2019-09-16,0.0,0,0.6047078829490055,logistic_regression,validation,20days
2019-09-17,0.0,0,0.6287872243372733,logistic_regression,validation,20days
2019-09-18,0.0,0,0.6513099547338722,logistic_regression,validation,20days
2019-09-19,0.0,0,0.6280895525416321,logistic_regression,validation,20days
2019-09-20,0.0,0,0.6047330521253869,logistic_regression,validation,20days
2019-09-23,0.0,0,0.5837923368780316,logistic_regression,validation,20days
2019-09-24,0.0,0,0.6374344397153381,logistic_regression,validation,20days
2019-09-25,1.0,0,0.5778837357718887,logistic_regression,validation,20days
2019-09-26,1.0,0,0.5702239624855203,logistic_regression,validation,20days
2019-09-27,1.0,0,0.5466454620754446,logistic_regression,validation,20days
2019-09-30,1.0,0,0.5697488635116946,logistic_regression,validation,20days
2019-10-01,1.0,0,0.5079617282921696,logistic_regression,validation,20days
2019-10-02,1.0,0,0.6384114026090328,logistic_regression,validation,20days
2019-10-03,1.0,0,0.6408834165398594,logistic_regression,validation,20days
2019-10-04,1.0,0,0.6509960171606369,logistic_regression,validation,20days
2019-10-07,1.0,0,0.6560495140105298,logistic_regression,validation,20days
2019-10-08,1.0,0,0.6948728725631073,logistic_regression,validation,20days
2019-10-09,1.0,0,0.604590293092696,logistic_regression,validation,20days
2019-10-10,1.0,0,0.6474434371514614,logistic_regression,validation,20days
2019-10-11,1.0,0,0.6813019955193939,logistic_regression,validation,20days
2019-10-14,1.0,0,0.6525855731427708,logistic_regression,validation,20days
2019-10-15,1.0,0,0.6286925547587963,logistic_regression,validation,20days
2019-10-16,1.0,0,0.6464041346028364,logistic_regression,validation,20days
2019-10-17,1.0,0,0.6104073191831804,logistic_regression,validation,20days
2019-10-18,1.0,0,0.6488297497904632,logistic_regression,validation,20days
2019-10-21,1.0,0,0.6753597316051672,logistic_regression,validation,20days
2019-10-22,1.0,0,0.7182441190461007,logistic_regression,validation,20days
2019-10-23,1.0,0,0.6617566199468518,logistic_regression,validation,20days
2019-10-24,1.0,0,0.6783760569114287,logistic_regression,validation,20days
2019-10-25,1.0,0,0.6776502905328224,logistic_regression,validation,20days
2019-10-28,1.0,0,0.7246451860907768,logistic_regression,validation,20days
2019-10-29,1.0,0,0.7164350716669098,logistic_regression,validation,20days
2019-10-30,1.0,0,0.7430233442468264,logistic_regression,validation,20days
2019-10-31,1.0,0,0.7674139011124259,logistic_regression,validation,20days
2019-11-01,1.0,0,0.7563474209087583,logistic_regression,validation,20days
2019-11-04,1.0,0,0.774705401433096,logistic_regression,validation,20days
2019-11-05,1.0,0,0.7908399083632499,logistic_regression,validation,20days
2019-11-06,1.0,0,0.8128369771508409,logistic_regression,validation,20days
2019-11-07,1.0,0,0.8199882157914935,logistic_regression,validation,20days
2019-11-08,1.0,0,0.8358148786049082,logistic_regression,validation,20days
2019-11-11,1.0,0,0.8244986674598941,logistic_regression,validation,20days
2019-11-12,1.0,0,0.8466962178622139,logistic_regression,validation,20days
2019-11-13,1.0,0,0.853052705751155,logistic_regression,validation,20days
2019-11-14,1.0,0,0.8755508311400236,logistic_regression,validation,20days
2019-11-15,1.0,0,0.8797354824870173,logistic_regression,validation,20days
2019-11-18,1.0,0,0.896813127222139,logistic_regression,validation,20days
2019-11-19,1.0,0,0.8945038645660498,logistic_regression,validation,20days
2019-11-20,1.0,0,0.8729079999330948,logistic_regression,validation,20days
2019-11-21,1.0,0,0.8458979519503815,logistic_regression,validation,20days
2019-11-22,1.0,0,0.8712338614157632,logistic_regression,validation,20days
2019-11-25,1.0,0,0.8792745914901579,logistic_regression,validation,20days
2019-11-26,1.0,0,0.8690268877161706,logistic_regression,validation,20days
2019-11-27,1.0,0,0.8591938616262803,logistic_regression,validation,20days
2019-11-29,1.0,0,0.8371864682293626,logistic_regression,validation,20days
2019-12-02,1.0,0,0.7841841203515504,logistic_regression,validation,20days
2019-12-03,1.0,0,0.8012135553040185,logistic_regression,validation,20days
2019-12-04,1.0,0,0.840773796450009,logistic_regression,validation,20days
2019-12-05,1.0,0,0.8468473988506726,logistic_regression,validation,20days
2019-12-06,1.0,0,0.8366995470258185,logistic_regression,validation,20days
2019-12-09,1.0,0,0.8052112508344473,logistic_regression,validation,20days
2019-12-10,1.0,0,0.8087159377571033,logistic_regression,validation,20days
2019-12-11,1.0,0,0.8389632694561531,logistic_regression,validation,20days
2019-12-12,1.0,0,0.8673708438350901,logistic_regression,validation,20days
2019-12-13,1.0,0,0.9014630493701139,logistic_regression,validation,20days
2019-12-16,1.0,0,0.8877294420414164,logistic_regression,validation,20days
2019-12-17,1.0,0,0.8679913247211567,logistic_regression,validation,20days
2019-12-18,1.0,0,0.8714782112622537,logistic_regression,validation,20days
2019-12-19,1.0,0,0.8861952898739651,logistic_regression,validation,20days
2019-12-20,1.0,0,0.8988500485659252,logistic_regression,validation,20days
2019-12-23,1.0,0,0.8972089520560088,logistic_regression,validation,20days
2019-12-24,1.0,0,0.8868282335656554,logistic_regression,validation,20days
2019-12-26,1.0,0,0.8871692766777107,logistic_regression,validation,20days
2019-12-27,1.0,0,0.894420459413598,logistic_regression,validation,20days
2019-12-30,1.0,0,0.8806762057257674,logistic_regression,validation,20days
2019-12-31,1.0,0,0.8826853958394112,logistic_regression,validation,20days
2020-01-02,1.0,0,0.86524188343467,logistic_regression,validation,20days
2020-01-03,1.0,0,0.8527518678900895,logistic_regression,validation,20days
2020-01-06,1.0,0,0.8560500408817223,logistic_regression,validation,20days
2020-01-07,1.0,0,0.8498564526815041,logistic_regression,validation,20days
2020-01-08,1.0,0,0.8712980716813131,logistic_regression,validation,20days
2020-01-09,1.0,0,0.8879579098299275,logistic_regression,validation,20days
2020-01-10,1.0,0,0.8889822580689333,logistic_regression,validation,20days
2020-01-13,1.0,0,0.8702750830678552,logistic_regression,validation,20days
2020-01-14,1.0,0,0.869008121317057,logistic_regression,validation,20days
2020-01-15,1.0,0,0.8597654185268248,logistic_regression,validation,20days
2020-01-16,1.0,0,0.8712986483286759,logistic_regression,validation,20days
2020-01-17,1.0,0,0.8628831553539748,logistic_regression,validation,20days
2020-01-21,1.0,0,0.8167477815342653,logistic_regression,validation,20days
2020-01-22,1.0,0,0.805190777739477,logistic_regression,validation,20days
2020-01-23,1.0,0,0.8110340462446868,logistic_regression,validation,20days
2020-01-24,1.0,0,0.8092523070536038,logistic_regression,validation,20days
2020-01-27,1.0,0,0.7790015231703438,logistic_regression,validation,20days
2020-01-28,0.0,0,0.7723015952524722,logistic_regression,validation,20days
2020-01-29,0.0,0,0.784876173906326,logistic_regression,validation,20days
2020-01-30,0.0,0,0.80689296205293,logistic_regression,validation,20days
2020-01-31,0.0,0,0.8009144511923836,logistic_regression,validation,20days
2020-02-03,0.0,0,0.7722378942272357,logistic_regression,validation,20days
2020-02-04,0.0,0,0.782880289187526,logistic_regression,validation,20days
2020-02-05,0.0,0,0.7645164797905081,logistic_regression,validation,20days
2020-02-06,0.0,0,0.7957165981067478,logistic_regression,validation,20days
2020-02-07,0.0,0,0.8342076247966675,logistic_regression,validation,20days
2020-02-10,0.0,0,0.8212825842572147,logistic_regression,validation,20days
2020-02-11,0.0,0,0.7556040308753096,logistic_regression,validation,20days
2020-02-12,0.0,0,0.7875741742839362,logistic_regression,validation,20days
2020-02-13,0.0,0,0.7024326131130741,logistic_regression,validation,20days
2020-02-14,0.0,0,0.44692115661589527,logistic_regression,validation,20days
2020-02-18,0.0,0,0.40215164763486083,logistic_regression,validation,20days
2020-02-19,0.0,0,0.21546272975106903,logistic_regression,validation,20days
2020-02-20,0.0,0,0.3318881976165734,logistic_regression,validation,20days
2020-02-21,0.0,0,0.36257099594469244,logistic_regression,validation,20days
2020-02-24,0.0,0,0.6116387599203719,logistic_regression,validation,20days
2020-02-25,0.0,0,0.4821450439222909,logistic_regression,validation,20days
2020-02-26,0.0,0,0.5523726958107725,logistic_regression,validation,20days
2020-02-27,0.0,0,0.8452812486724421,logistic_regression,validation,20days
2020-02-28,0.0,0,0.4265635648559651,logistic_regression,validation,20days
2020-03-02,0.0,0,0.3599830198306568,logistic_regression,validation,20days
2020-03-03,0.0,0,0.1512232748650123,logistic_regression,validation,20days
2020-03-04,0.0,0,0.05326486060465892,logistic_regression,validation,20days
2020-03-05,0.0,0,0.03802675422847026,logistic_regression,validation,20days
2020-03-06,0.0,0,0.055833095832355226,logistic_regression,validation,20days
2020-03-09,0.0,0,0.40092647471437687,logistic_regression,validation,20days
2020-03-10,0.0,0,0.016044248846525312,logistic_regression,validation,20days
2020-03-11,0.0,0,0.0528363638524343,logistic_regression,validation,20days
2020-03-12,0.0,0,0.15086875026904517,logistic_regression,validation,20days
2020-03-13,0.0,0,0.015927905955135203,logistic_regression,validation,20days
2020-03-16,0.0,0,0.09310074410967442,logistic_regression,validation,20days
2020-03-17,0.0,0,0.07290440340025207,logistic_regression,validation,20days
2020-03-18,0.0,0,0.2588265508921875,logistic_regression,validation,20days
2020-03-19,0.0,0,0.10164773022702896,logistic_regression,validation,20days
2020-03-20,0.0,0,0.6175937851898562,logistic_regression,validation,20days
2020-03-23,0.0,0,0.28049411263627244,logistic_regression,validation,20days
2020-03-24,0.0,0,0.023903893340792275,logistic_regression,validation,20days
2020-03-25,1.0,0,0.025007673645069416,logistic_regression,validation,20days
2020-03-26,1.0,0,0.005093418394152444,logistic_regression,validation,20days
2020-03-27,1.0,0,0.005910087466515991,logistic_regression,validation,20days
2020-03-30,1.0,0,0.006879342185324644,logistic_regression,validation,20days
2020-03-31,1.0,0,0.016277737976275818,logistic_regression,validation,20days
2020-04-01,1.0,0,0.06988421299223208,logistic_regression,validation,20days
2020-04-02,1.0,0,0.037693577657682976,logistic_regression,validation,20days
2020-04-03,1.0,0,0.07920821250926037,logistic_regression,validation,20days
2020-04-06,1.0,0,0.014887106560775245,logistic_regression,validation,20days
2020-04-07,1.0,0,0.003701338926818295,logistic_regression,validation,20days
2020-04-08,1.0,0,0.0027757457192699514,logistic_regression,validation,20days
2020-04-09,1.0,0,0.004542135847802383,logistic_regression,validation,20days
2020-04-13,1.0,0,0.011060591225757836,logistic_regression,validation,20days
2020-04-14,1.0,0,0.015139102038430009,logistic_regression,validation,20days
2020-04-15,1.0,0,0.03925212556048483,logistic_regression,validation,20days
2020-04-16,1.0,0,0.08813335833939724,logistic_regression,validation,20days
2020-04-17,1.0,0,0.04165874855890904,logistic_regression,validation,20days
2020-04-20,1.0,0,0.09429807512065146,logistic_regression,validation,20days
2020-04-21,1.0,0,0.20500923027450108,logistic_regression,validation,20days
2020-04-22,1.0,0,0.13123697219318067,logistic_regression,validation,20days
2020-04-23,1.0,0,0.12315322013433877,logistic_regression,validation,20days
2020-04-24,1.0,0,0.12057576370134741,logistic_regression,validation,20days
2020-04-27,1.0,0,0.11390556933145426,logistic_regression,validation,20days
2020-04-28,1.0,0,0.12870877178491938,logistic_regression,validation,20days
2020-04-29,1.0,0,0.16575244939152686,logistic_regression,validation,20days
2020-04-30,1.0,0,0.20901032145874054,logistic_regression,validation,20days
2020-05-01,1.0,0,0.3997041598653376,logistic_regression,validation,20days
2020-05-04,1.0,0,0.4650075279629441,logistic_regression,validation,20days
2020-05-05,1.0,0,0.37836764202491796,logistic_regression,validation,20days
2020-05-06,1.0,0,0.35890532695299315,logistic_regression,validation,20days
2020-05-07,1.0,0,0.3377327083419066,logistic_regression,validation,20days
2020-05-08,1.0,0,0.19210705297230057,logistic_regression,validation,20days
2020-05-11,1.0,0,0.24013337355718517,logistic_regression,validation,20days
2020-05-12,1.0,0,0.40347121195852625,logistic_regression,validation,20days
2020-05-13,1.0,0,0.5814837136109842,logistic_regression,validation,20days
2020-05-14,1.0,0,0.6817489309031698,logistic_regression,validation,20days
2020-05-15,1.0,0,0.719667042317629,logistic_regression,validation,20days
2020-05-18,1.0,0,0.4666821686601592,logistic_regression,validation,20days
2020-05-19,1.0,0,0.4991872632107499,logistic_regression,validation,20days
2020-05-20,1.0,0,0.4018250897741546,logistic_regression,validation,20days
2020-05-21,1.0,0,0.4394331628847348,logistic_regression,validation,20days
2020-05-22,1.0,0,0.506478826673272,logistic_regression,validation,20days
2020-05-26,1.0,0,0.6676385211764876,logistic_regression,validation,20days
2020-05-27,1.0,0,0.6534020630165779,logistic_regression,validation,20days
2020-05-28,1.0,0,0.8015175932105888,logistic_regression,validation,20days
2020-05-29,1.0,0,0.635650038512739,logistic_regression,validation,20days
2020-06-01,1.0,0,0.5644836666880124,logistic_regression,validation,20days
2020-06-02,1.0,0,0.4851563817280274,logistic_regression,validation,20days
2020-06-03,1.0,0,0.5376172726919973,logistic_regression,validation,20days
2020-06-04,1.0,0,0.5176537252128401,logistic_regression,validation,20days
2020-06-05,1.0,0,0.411539686168418,logistic_regression,validation,20days
2020-06-08,1.0,0,0.26525055402089853,logistic_regression,validation,20days
2020-06-09,1.0,0,0.3255266588953528,logistic_regression,validation,20days
2020-06-10,1.0,0,0.5299144404037646,logistic_regression,validation,20days
2020-06-11,1.0,0,0.81394309303617,logistic_regression,validation,20days
2020-06-12,1.0,0,0.8154494693550832,logistic_regression,validation,20days
2020-06-15,1.0,0,0.7122453652346147,logistic_regression,validation,20days
2020-06-16,1.0,0,0.4593821484677776,logistic_regression,validation,20days
2020-06-17,1.0,0,0.4721956746892525,logistic_regression,validation,20days
2020-06-18,1.0,0,0.29680111009723376,logistic_regression,validation,20days
2020-06-19,1.0,0,0.3484844004945143,logistic_regression,validation,20days
2020-06-22,1.0,0,0.5007821121846827,logistic_regression,validation,20days
2020-06-23,1.0,0,0.5926554705359416,logistic_regression,validation,20days
2020-06-24,1.0,0,0.7679122327579564,logistic_regression,validation,20days
2020-06-25,1.0,0,0.7227064295315462,logistic_regression,validation,20days
2020-06-26,1.0,0,0.6897802792694285,logistic_regression,validation,20days
2020-06-29,1.0,0,0.5945441009099595,logistic_regression,validation,20days
2020-06-30,1.0,0,0.5180455675247667,logistic_regression,validation,20days
2020-07-01,1.0,0,0.5101185582440142,logistic_regression,validation,20days
2020-07-02,1.0,0,0.5214835557496683,logistic_regression,validation,20days
2020-07-06,1.0,0,0.33462182941219304,logistic_regression,validation,20days
2020-07-07,1.0,0,0.4511752527338251,logistic_regression,validation,20days
2020-07-08,1.0,0,0.4876722867338933,logistic_regression,validation,20days
2020-07-09,1.0,0,0.6497888168312093,logistic_regression,validation,20days
2020-07-10,1.0,0,0.5866647284664903,logistic_regression,validation,20days
2020-07-13,1.0,0,0.6511895978910062,logistic_regression,validation,20days
2020-07-14,1.0,0,0.4519898559072576,logistic_regression,validation,20days
2020-07-15,1.0,0,0.3829733869610469,logistic_regression,validation,20days
2020-07-16,1.0,0,0.430632571548167,logistic_regression,validation,20days
2020-07-17,1.0,0,0.45252833987742636,logistic_regression,validation,20days
2020-07-20,1.0,0,0.36257261597057183,logistic_regression,validation,20days
2020-07-21,1.0,0,0.474222604830325,logistic_regression,validation,20days
2020-07-22,1.0,0,0.45151359176753053,logistic_regression,validation,20days
2020-07-23,1.0,0,0.5559437187695788,logistic_regression,validation,20days
2020-07-24,1.0,0,0.6071937689168634,logistic_regression,validation,20days
2020-07-27,1.0,0,0.651571370374603,logistic_regression,validation,20days
2020-07-28,1.0,0,0.6800637142906146,logistic_regression,validation,20days
2020-07-29,1.0,0,0.6253647979088904,logistic_regression,validation,20days
2020-07-30,1.0,0,0.6743013761721126,logistic_regression,validation,20days
2020-07-31,1.0,0,0.6600223182291379,logistic_regression,validation,20days
2020-08-03,1.0,0,0.6140624829997531,logistic_regression,validation,20days
2020-08-04,1.0,0,0.6303106681828343,logistic_regression,validation,20days
2020-08-05,1.0,0,0.6710310492915168,logistic_regression,validation,20days
2020-08-06,1.0,0,0.6681221698535023,logistic_regression,validation,20days
2020-08-07,1.0,0,0.6686410876204676,logistic_regression,validation,20days
2020-08-10,1.0,0,0.6368707471165003,logistic_regression,validation,20days
2020-08-11,1.0,0,0.6874197845678354,logistic_regression,validation,20days
2020-08-12,1.0,0,0.5874115660133411,logistic_regression,validation,20days
2020-08-13,1.0,0,0.6717570728383634,logistic_regression,validation,20days
2020-08-14,1.0,0,0.6762674865196957,logistic_regression,validation,20days
2020-08-17,1.0,0,0.7167904351710931,logistic_regression,validation,20days
2020-08-18,1.0,0,0.712080632526249,logistic_regression,validation,20days
2020-08-19,1.0,0,0.7495257222573322,logistic_regression,validation,20days
2020-08-20,1.0,0,0.8419864941233284,logistic_regression,validation,20days
2020-08-21,1.0,0,0.8624100295719974,logistic_regression,validation,20days
2020-08-24,1.0,0,0.868613800787107,logistic_regression,validation,20days
2020-08-25,1.0,0,0.806553233156075,logistic_regression,validation,20days
2020-08-26,1.0,0,0.7447882117672134,logistic_regression,validation,20days
2020-08-27,1.0,0,0.7519654557741958,logistic_regression,validation,20days
2020-08-28,1.0,0,0.6566771423501173,logistic_regression,validation,20days
2020-08-31,1.0,0,0.6462243094418196,logistic_regression,validation,20days
2020-09-01,1.0,0,0.6133682441615264,logistic_regression,validation,20days
2020-09-02,1.0,0,0.5406176438701337,logistic_regression,validation,20days
2020-09-03,1.0,0,0.5542283593396016,logistic_regression,validation,20days
2020-09-04,1.0,0,0.6066910124639134,logistic_regression,validation,20days
2020-09-08,1.0,0,0.6249596998176534,logistic_regression,validation,20days
2020-09-09,1.0,0,0.5782945680993945,logistic_regression,validation,20days
2020-09-10,1.0,0,0.629282939126185,logistic_regression,validation,20days
2020-09-11,1.0,0,0.4463770828909591,logistic_regression,validation,20days
2020-09-14,1.0,0,0.3067745531492262,logistic_regression,validation,20days
2020-09-15,1.0,0,0.26539175063892373,logistic_regression,validation,20days
2020-09-16,1.0,0,0.3255652207484069,logistic_regression,validation,20days
2020-09-17,1.0,0,0.3814187104983298,logistic_regression,validation,20days
2020-09-18,1.0,0,0.6223886209953804,logistic_regression,validation,20days
2020-09-21,1.0,0,0.5748807444958984,logistic_regression,validation,20days
2020-09-22,1.0,0,0.5617599715561258,logistic_regression,validation,20days
2020-09-23,1.0,0,0.5540131291564627,logistic_regression,validation,20days
2020-09-24,1.0,0,0.536046381136929,logistic_regression,validation,20days
2020-09-25,1.0,0,0.37609880636670884,logistic_regression,validation,20days
2020-09-28,1.0,0,0.2315927002114741,logistic_regression,validation,20days
2020-09-29,1.0,0,0.371617935199351,logistic_regression,validation,20days
2020-09-30,1.0,0,0.382104330414236,logistic_regression,validation,20days
2020-10-01,1.0,0,0.37564841659263704,logistic_regression,validation,20days
2020-10-02,1.0,0,0.5056287787481125,logistic_regression,validation,20days
2020-10-05,1.0,0,0.4365942853096106,logistic_regression,validation,20days
2020-10-06,1.0,0,0.47927323367436164,logistic_regression,validation,20days
2020-10-07,1.0,0,0.3801537631667366,logistic_regression,validation,20days
2020-10-08,1.0,0,0.25103737774890983,logistic_regression,validation,20days
2020-10-09,1.0,0,0.17369808169734519,logistic_regression,validation,20days
2020-10-12,1.0,0,0.16710519373638302,logistic_regression,validation,20days
2020-10-13,1.0,0,0.19440317507276766,logistic_regression,validation,20days
2020-10-14,1.0,0,0.30013113547734327,logistic_regression,validation,20days
2020-10-15,1.0,0,0.27706018184965137,logistic_regression,validation,20days
2020-10-16,1.0,0,0.3311649960606637,logistic_regression,validation,20days
2020-10-19,1.0,0,0.31354179847007,logistic_regression,validation,20days
2020-10-20,1.0,0,0.24073372994246237,logistic_regression,validation,20days
2020-10-21,1.0,0,0.1756558328107719,logistic_regression,validation,20days
2020-10-22,1.0,0,0.16485929776838995,logistic_regression,validation,20days
2020-10-23,1.0,0,0.19801002432109907,logistic_regression,validation,20days
2020-10-26,1.0,0,0.25973675577699906,logistic_regression,validation,20days
2020-10-27,1.0,0,0.40076867650979137,logistic_regression,validation,20days
2020-10-28,1.0,0,0.6420834796945267,logistic_regression,validation,20days
2020-10-29,1.0,0,0.659143845132291,logistic_regression,validation,20days
2020-10-30,1.0,0,0.7485235242633638,logistic_regression,validation,20days
2020-11-02,1.0,0,0.6103777855785885,logistic_regression,validation,20days
2020-11-03,1.0,0,0.5268801454774971,logistic_regression,validation,20days
2020-11-04,1.0,0,0.3730130321917698,logistic_regression,validation,20days
2020-11-05,1.0,0,0.26295263463934043,logistic_regression,validation,20days
2020-11-06,1.0,0,0.31932817774751,logistic_regression,validation,20days
2020-11-09,1.0,0,0.3111143811712957,logistic_regression,validation,20days
2020-11-10,1.0,0,0.3028693938523381,logistic_regression,validation,20days
2020-11-11,1.0,0,0.37265566770491065,logistic_regression,validation,20days
2020-11-12,1.0,0,0.37208833817021936,logistic_regression,validation,20days
2020-11-13,1.0,0,0.34034039796839105,logistic_regression,validation,20days
2020-11-16,1.0,0,0.21527682739476936,logistic_regression,validation,20days
2020-11-17,1.0,0,0.2540537745460961,logistic_regression,validation,20days
2020-11-18,1.0,0,0.3774551674052595,logistic_regression,validation,20days
2020-11-19,1.0,0,0.3697111191012365,logistic_regression,validation,20days
2020-11-20,1.0,0,0.558828008681247,logistic_regression,validation,20days
2020-11-23,1.0,0,0.5764391926183335,logistic_regression,validation,20days
2020-11-24,1.0,0,0.539965020785532,logistic_regression,validation,20days
2020-11-25,1.0,0,0.5570588491729703,logistic_regression,validation,20days
2020-11-27,1.0,0,0.5911907847371751,logistic_regression,validation,20days
2020-11-30,1.0,0,0.609118591183283,logistic_regression,validation,20days
2020-12-01,1.0,0,0.5377059704394602,logistic_regression,validation,20days
2020-12-02,1.0,0,0.629009623378728,logistic_regression,validation,20days
2020-12-03,1.0,0,0.6463864301501507,logistic_regression,validation,20days
2020-12-04,1.0,0,0.5867921872261977,logistic_regression,validation,20days
2020-12-07,1.0,0,0.629980195263628,logistic_regression,validation,20days
2020-12-08,1.0,0,0.6152376363249457,logistic_regression,validation,20days
2020-12-09,1.0,0,0.6485783814165483,logistic_regression,validation,20days
2020-12-10,1.0,0,0.6813470509054029,logistic_regression,validation,20days
2020-12-11,1.0,0,0.6860550052139643,logistic_regression,validation,20days
2020-12-14,1.0,0,0.7024940528336907,logistic_regression,validation,20days
2020-12-15,1.0,0,0.6365790032656022,logistic_regression,validation,20days
2020-12-16,1.0,0,0.6337516241783046,logistic_regression,validation,20days
2020-12-17,1.0,0,0.6706390703944198,logistic_regression,validation,20days
2020-12-18,1.0,0,0.6748021146094063,logistic_regression,validation,20days
2020-12-21,1.0,0,0.6547794102524649,logistic_regression,validation,20days
2020-12-22,1.0,0,0.6509691989160874,logistic_regression,validation,20days
2020-12-23,1.0,0,0.6834565107350399,logistic_regression,validation,20days
2020-12-24,1.0,0,0.711624479089147,logistic_regression,validation,20days
2020-12-28,1.0,0,0.6885284765703634,logistic_regression,validation,20days
2020-12-29,1.0,0,0.6644112467775781,logistic_regression,validation,20days
2020-12-30,1.0,0,0.6580384075895922,logistic_regression,validation,20days
2020-12-31,1.0,0,0.7422192343958197,logistic_regression,validation,20days
2021-01-04,1.0,0,0.6793028785106042,logistic_regression,validation,20days
2021-01-05,1.0,0,0.6486645777502948,logistic_regression,validation,20days
2021-01-06,1.0,0,0.6511547983038636,logistic_regression,validation,20days
2021-01-07,1.0,0,0.5862655855962348,logistic_regression,validation,20days
2021-01-08,1.0,0,0.5686483238078882,logistic_regression,validation,20days
2021-01-11,1.0,0,0.5189081022403161,logistic_regression,validation,20days
2021-01-12,1.0,0,0.639182362013373,logistic_regression,validation,20days
2021-01-13,1.0,0,0.6282302360677307,logistic_regression,validation,20days
2021-01-14,1.0,0,0.6978924349766769,logistic_regression,validation,20days
2021-01-15,1.0,0,0.6582257541619952,logistic_regression,validation,20days
2021-01-19,1.0,0,0.5494486402696643,logistic_regression,validation,20days
2021-01-20,1.0,0,0.4355861581819001,logistic_regression,validation,20days
2021-01-21,1.0,0,0.4383347969397282,logistic_regression,validation,20days
2021-01-22,1.0,0,0.45167131449316544,logistic_regression,validation,20days
2021-01-25,1.0,0,0.4825670660282074,logistic_regression,validation,20days
2021-01-26,1.0,0,0.5777026454523966,logistic_regression,validation,20days
2021-01-27,1.0,0,0.6223511930914613,logistic_regression,validation,20days
2021-01-28,1.0,0,0.6496380970401223,logistic_regression,validation,20days
2021-01-29,1.0,0,0.7294806008626588,logistic_regression,validation,20days
2021-02-01,1.0,0,0.6112984868269794,logistic_regression,validation,20days
2021-02-02,1.0,0,0.5585250518806499,logistic_regression,validation,20days
2021-02-03,1.0,0,0.4451973924207336,logistic_regression,validation,20days
2021-02-04,1.0,0,0.4834258145097994,logistic_regression,validation,20days
2021-02-05,1.0,0,0.44223598582373247,logistic_regression,validation,20days
2021-02-08,1.0,0,0.42414023714555493,logistic_regression,validation,20days
2021-02-09,1.0,0,0.49374310597970383,logistic_regression,validation,20days
2021-02-10,1.0,0,0.6277297599300262,logistic_regression,validation,20days
2021-02-11,1.0,0,0.5496567701882655,logistic_regression,validation,20days
2021-02-12,1.0,0,0.47297555707925604,logistic_regression,validation,20days
2021-02-16,1.0,0,0.4300527395695778,logistic_regression,validation,20days
2021-02-17,1.0,0,0.48509694064014885,logistic_regression,validation,20days
2021-02-18,1.0,0,0.5250373950070826,logistic_regression,validation,20days
2021-02-19,1.0,0,0.44871821330616635,logistic_regression,validation,20days
2021-02-22,1.0,0,0.4929202760955602,logistic_regression,validation,20days
2021-02-23,1.0,0,0.4558256980845129,logistic_regression,validation,20days
2021-02-24,1.0,0,0.4284187133082876,logistic_regression,validation,20days
2021-02-25,1.0,0,0.48752842009616093,logistic_regression,validation,20days
2021-02-26,1.0,0,0.5314051734939131,logistic_regression,validation,20days
2021-03-01,1.0,0,0.3507972491020563,logistic_regression,validation,20days
2021-03-02,1.0,0,0.45819349524092967,logistic_regression,validation,20days
2021-03-03,1.0,0,0.585459508843984,logistic_regression,validation,20days
2021-03-04,1.0,0,0.6550103110386692,logistic_regression,validation,20days
2021-03-05,1.0,0,0.5246954708956127,logistic_regression,validation,20days
2021-03-08,1.0,0,0.5880894188287902,logistic_regression,validation,20days
2021-03-09,1.0,0,0.4554835217926891,logistic_regression,validation,20days
2021-03-10,1.0,0,0.3847468407418562,logistic_regression,validation,20days
2021-03-11,1.0,0,0.28911260083962764,logistic_regression,validation,20days
2021-03-12,1.0,0,0.23746966446072887,logistic_regression,validation,20days
2021-03-15,1.0,0,0.19264178689120148,logistic_regression,validation,20days
2021-03-16,1.0,0,0.3231059933339503,logistic_regression,validation,20days
2021-03-17,1.0,0,0.3323231047097111,logistic_regression,validation,20days
2021-03-18,1.0,0,0.36988769222969897,logistic_regression,validation,20days
2021-03-19,1.0,0,0.31363390377208616,logistic_regression,validation,20days
2021-03-22,1.0,0,0.3735790803826738,logistic_regression,validation,20days
2021-03-23,1.0,0,0.40719423805982446,logistic_regression,validation,20days
2021-03-24,1.0,0,0.48837549855114315,logistic_regression,validation,20days
2021-03-25,1.0,0,0.4559735019313584,logistic_regression,validation,20days
2021-03-26,1.0,0,0.4231791389086908,logistic_regression,validation,20days
2021-03-29,1.0,0,0.4877795912982055,logistic_regression,validation,20days
2021-03-30,1.0,0,0.5618808425319596,logistic_regression,validation,20days
